p1 mw,p1 WF,p2 mw,p2 WF
506970.0313,0.001407415,2713631232,0.001667785
505710.8125,0.001424153,2703027200,0.001688631
504453.0938,0.001443543,2692452864,0.001709719
503199.0313,0.001461306,2681908224,0.001730087
501946.9688,0.00148066,2671387136,0.001752673
500698.0625,0.00149817,2660901632,0.001775498
499450.5938,0.001518635,2650451200,0.001797724
498206.7813,0.001537301,2640030464,0.001821148
,,2629644800,0.001842868
,,2619282688,0.00186588
