Molecular weight (g/mol),WF / dLog MW
"210608_P-SS065, Injection 1","210608_P-SS065, Injection 1"
506970.0313,0.001407415
505710.8125,0.001424153
504453.0938,0.001443543
503199.0313,0.001461306
501946.9688,0.00148066
500698.0625,0.00149817
499450.5938,0.001518635
498206.7813,0.001537301
