Molecular weight (g/mol),WF / dLog MW
"210608_P-SS073, Injection 1","210608_P-SS073, Injection 1"
2713631232,0.001667785
2703027200,0.001688631
2692452864,0.001709719
2681908224,0.001730087
2671387136,0.001752673
2660901632,0.001775498
2650451200,0.001797724
2640030464,0.001821148
2629644800,0.001842868
2619282688,0.00186588
